ID,Type,SKU,Name,Published,"Is featured?","Visibility in catalog","Short description",Description,"Date sale price starts","Date sale price ends","Tax status","Tax class","In stock?",Stock,"Low stock amount","Backorders allowed?","Sold individually?","Weight (kg)","Length (cm)","Width (cm)","Height (cm)","Allow customer reviews?","Purchase note","Sale price","Regular price",Categories,Tags,"Shipping class",Images,"Download limit","Download expiry days",Parent,"Grouped products",Upsells,Cross-sells,"External URL","Button text",Position,"Attribute 1 name","Attribute 1 value(s)","Attribute 1 visible","Attribute 1 global","Attribute 1 default","Attribute 2 name","Attribute 2 value(s)","Attribute 2 visible","Attribute 2 global","Attribute 2 default","Meta: inline_featured_image","Meta: rs_page_bg_color"
1557,variable,,"Plus Size Sequin Evening Dress with Side Split",1,0,visible,"This product type lets you add variations to the same product to create a complex, variable product. Each variation of the product has its own price, SKU, available stock, etc. eg: A shirt or t-shirt with different sizes and different colors.\n\nWhile creating the product, you can select the ‘Variable product’ option from the drop-down. To be able to create different variations, you will have to set up attributes and define values to each of them. You can use different attributes and values to create variations. After that, you can manually create available variations or create all possible variations in one go. You can update individual details for each variation, after all required variations are created.\n\n&nbsp;","[elementor-template id=""391""]",,,taxable,,1,,,0,0,,,,,1,,,,"Women Dress","dress, fashion, theme, women, woocommerce",,"https://juliette.novaworks.net/wp-content/uploads/2021/04/dress-1-scaled.jpg, https://juliette.novaworks.net/wp-content/uploads/2021/04/dress-1-scaled.jpg, https://juliette.novaworks.net/wp-content/uploads/2021/04/dress-2-scaled.jpg, https://juliette.novaworks.net/wp-content/uploads/2021/04/dress-3-1-scaled.jpg, https://juliette.novaworks.net/wp-content/uploads/2021/04/dress-3-scaled.jpg, https://juliette.novaworks.net/wp-content/uploads/2021/04/dress-4-1-scaled.jpg",,,,,,,,,30,Color,"Black, Blue, White, Yellow",1,1,Black,Size,"Large, Medium, Small",1,1,Large,0,
1585,variable,,"Women's V Neck Multi Color Irregular Hem Prom Dress",1,0,visible,"This product type lets you add variations to the same product to create a complex, variable product. Each variation of the product has its own price, SKU, available stock, etc. eg: A shirt or t-shirt with different sizes and different colors.\n\nWhile creating the product, you can select the ‘Variable product’ option from the drop-down. To be able to create different variations, you will have to set up attributes and define values to each of them. You can use different attributes and values to create variations. After that, you can manually create available variations or create all possible variations in one go. You can update individual details for each variation, after all required variations are created.\n\n&nbsp;","[elementor-template id=""391""]",,,taxable,,1,,,0,0,,,,,1,,,,"Women Dress","dress, fashion, theme, women, woocommerce",,"https://juliette.novaworks.net/wp-content/uploads/2021/04/dress-2-scaled.jpg, https://juliette.novaworks.net/wp-content/uploads/2021/04/dress-1-scaled.jpg, https://juliette.novaworks.net/wp-content/uploads/2021/04/dress-2-scaled.jpg, https://juliette.novaworks.net/wp-content/uploads/2021/04/dress-3-1-scaled.jpg, https://juliette.novaworks.net/wp-content/uploads/2021/04/dress-3-scaled.jpg, https://juliette.novaworks.net/wp-content/uploads/2021/04/dress-4-1-scaled.jpg",,,,,,,,,29,Color,"Black, Blue, White, Yellow",1,1,Black,Size,"Large, Medium, Small",1,1,Large,0,
1598,variable,,"Women's A-Line Off the Shoulder Maxi Long Prom Dress",1,0,visible,"This product type lets you add variations to the same product to create a complex, variable product. Each variation of the product has its own price, SKU, available stock, etc. eg: A shirt or t-shirt with different sizes and different colors.\n\nWhile creating the product, you can select the ‘Variable product’ option from the drop-down. To be able to create different variations, you will have to set up attributes and define values to each of them. You can use different attributes and values to create variations. After that, you can manually create available variations or create all possible variations in one go. You can update individual details for each variation, after all required variations are created.\n\n&nbsp;","[elementor-template id=""391""]",,,taxable,,1,,,0,0,,,,,1,,,,"Women Dress","dress, fashion, theme, women, woocommerce",,"https://juliette.novaworks.net/wp-content/uploads/2021/04/dress-3-scaled.jpg, https://juliette.novaworks.net/wp-content/uploads/2021/04/dress-1-scaled.jpg, https://juliette.novaworks.net/wp-content/uploads/2021/04/dress-2-scaled.jpg, https://juliette.novaworks.net/wp-content/uploads/2021/04/dress-3-1-scaled.jpg, https://juliette.novaworks.net/wp-content/uploads/2021/04/dress-3-scaled.jpg, https://juliette.novaworks.net/wp-content/uploads/2021/04/dress-4-1-scaled.jpg",,,,,,,,,28,Color,"Black, Blue, White, Yellow",1,1,Black,Size,"Large, Medium, Small",1,1,Large,0,
1611,variable,,"Plus Size Half Sleeve Evening Dress For Weddings",1,0,visible,"This product type lets you add variations to the same product to create a complex, variable product. Each variation of the product has its own price, SKU, available stock, etc. eg: A shirt or t-shirt with different sizes and different colors.\n\nWhile creating the product, you can select the ‘Variable product’ option from the drop-down. To be able to create different variations, you will have to set up attributes and define values to each of them. You can use different attributes and values to create variations. After that, you can manually create available variations or create all possible variations in one go. You can update individual details for each variation, after all required variations are created.\n\n&nbsp;","[elementor-template id=""391""]",,,taxable,,1,,,0,0,,,,,1,,,,"Women Dress","dress, fashion, theme, women, woocommerce",,"https://juliette.novaworks.net/wp-content/uploads/2021/04/dress-4-scaled.jpg, https://juliette.novaworks.net/wp-content/uploads/2021/04/dress-4-1-scaled.jpg, https://juliette.novaworks.net/wp-content/uploads/2021/04/dress-1-scaled.jpg, https://juliette.novaworks.net/wp-content/uploads/2021/04/dress-2-scaled.jpg, https://juliette.novaworks.net/wp-content/uploads/2021/04/dress-3-1-scaled.jpg, https://juliette.novaworks.net/wp-content/uploads/2021/04/dress-3-scaled.jpg",,,,,,,,,27,Color,"Black, Blue, White, Yellow",1,1,Black,Size,"Large, Medium, Small",1,1,Large,0,
1624,variable,,"Fancy V Neck Sleeveless High-Low Prom Dress for Women",1,0,visible,"This product type lets you add variations to the same product to create a complex, variable product. Each variation of the product has its own price, SKU, available stock, etc. eg: A shirt or t-shirt with different sizes and different colors.\n\nWhile creating the product, you can select the ‘Variable product’ option from the drop-down. To be able to create different variations, you will have to set up attributes and define values to each of them. You can use different attributes and values to create variations. After that, you can manually create available variations or create all possible variations in one go. You can update individual details for each variation, after all required variations are created.\n\n&nbsp;","[elementor-template id=""391""]",,,taxable,,1,,,0,0,,,,,1,,,,"Women Dress","dress, fashion, theme, women, woocommerce",,"https://juliette.novaworks.net/wp-content/uploads/2021/04/dress-5-scaled.jpg, https://juliette.novaworks.net/wp-content/uploads/2021/04/dress-5-1-scaled.jpg, https://juliette.novaworks.net/wp-content/uploads/2021/04/dress-4-1-scaled.jpg, https://juliette.novaworks.net/wp-content/uploads/2021/04/dress-1-scaled.jpg, https://juliette.novaworks.net/wp-content/uploads/2021/04/dress-2-scaled.jpg, https://juliette.novaworks.net/wp-content/uploads/2021/04/dress-3-1-scaled.jpg",,,,,,,,,26,Color,"Black, Blue, White, Yellow",1,1,Black,Size,"Large, Medium, Small",1,1,Large,0,
1637,variable,,"A-Line Maxi Long Prom Dresses for Women with Mesh",1,0,visible,"This product type lets you add variations to the same product to create a complex, variable product. Each variation of the product has its own price, SKU, available stock, etc. eg: A shirt or t-shirt with different sizes and different colors.\n\nWhile creating the product, you can select the ‘Variable product’ option from the drop-down. To be able to create different variations, you will have to set up attributes and define values to each of them. You can use different attributes and values to create variations. After that, you can manually create available variations or create all possible variations in one go. You can update individual details for each variation, after all required variations are created.\n\n&nbsp;","[elementor-template id=""391""]",,,taxable,,1,,,0,0,,,,,1,,,,"Women Dress","dress, fashion, theme, women, woocommerce",,"https://juliette.novaworks.net/wp-content/uploads/2021/04/dress-6-scaled.jpg, https://juliette.novaworks.net/wp-content/uploads/2021/04/dress-6-1-scaled.jpg, https://juliette.novaworks.net/wp-content/uploads/2021/04/dress-5-1-scaled.jpg, https://juliette.novaworks.net/wp-content/uploads/2021/04/dress-4-1-scaled.jpg, https://juliette.novaworks.net/wp-content/uploads/2021/04/dress-1-scaled.jpg, https://juliette.novaworks.net/wp-content/uploads/2021/04/dress-2-scaled.jpg",,,,,,,,,25,Color,"Black, Blue, White, Yellow",1,1,Black,Size,"Large, Medium, Small",1,1,Large,0,
1650,variable,,"Lace Stitching Satin Maxi Prom Dresses with 3/4 Sleeves",1,0,visible,"This product type lets you add variations to the same product to create a complex, variable product. Each variation of the product has its own price, SKU, available stock, etc. eg: A shirt or t-shirt with different sizes and different colors.\n\nWhile creating the product, you can select the ‘Variable product’ option from the drop-down. To be able to create different variations, you will have to set up attributes and define values to each of them. You can use different attributes and values to create variations. After that, you can manually create available variations or create all possible variations in one go. You can update individual details for each variation, after all required variations are created.\n\n&nbsp;","[elementor-template id=""391""]",,,taxable,,1,,,0,0,,,,,1,,,,"Women Dress","dress, fashion, theme, women, woocommerce",,"https://juliette.novaworks.net/wp-content/uploads/2021/04/dress-7.jpg, https://juliette.novaworks.net/wp-content/uploads/2021/04/dress-7-1-scaled.jpg, https://juliette.novaworks.net/wp-content/uploads/2021/04/dress-6-1-scaled.jpg, https://juliette.novaworks.net/wp-content/uploads/2021/04/dress-5-1-scaled.jpg, https://juliette.novaworks.net/wp-content/uploads/2021/04/dress-4-1-scaled.jpg, https://juliette.novaworks.net/wp-content/uploads/2021/04/dress-1-scaled.jpg",,,,,,,,,24,Color,"Black, Blue, White, Yellow",1,1,Black,Size,"Large, Medium, Small",1,1,Large,0,
1663,variable,,"Gorgeous Deep Double V Neck Satin Prom Dress with Cap Sleeves",1,0,visible,"This product type lets you add variations to the same product to create a complex, variable product. Each variation of the product has its own price, SKU, available stock, etc. eg: A shirt or t-shirt with different sizes and different colors.\n\nWhile creating the product, you can select the ‘Variable product’ option from the drop-down. To be able to create different variations, you will have to set up attributes and define values to each of them. You can use different attributes and values to create variations. After that, you can manually create available variations or create all possible variations in one go. You can update individual details for each variation, after all required variations are created.\n\n&nbsp;","[elementor-template id=""391""]",,,taxable,,1,,,0,0,,,,,1,,,,"Women Dress","dress, fashion, theme, women, woocommerce",,"https://juliette.novaworks.net/wp-content/uploads/2021/04/dress-8.jpg, https://juliette.novaworks.net/wp-content/uploads/2021/04/dress-8-1.jpg, https://juliette.novaworks.net/wp-content/uploads/2021/04/dress-7-1-scaled.jpg, https://juliette.novaworks.net/wp-content/uploads/2021/04/dress-6-1-scaled.jpg, https://juliette.novaworks.net/wp-content/uploads/2021/04/dress-5-1-scaled.jpg, https://juliette.novaworks.net/wp-content/uploads/2021/04/dress-4-1-scaled.jpg",,,,,,,,,23,Color,"Black, Blue, White, Yellow",1,1,Black,Size,"Large, Medium, Small",1,1,Large,0,
1559,variation,,"Plus Size Sequin Evening Dress with Side Split - Black, Medium",1,0,visible,,,,,taxable,parent,1,,,0,0,,,,,0,,,99.99,,,,,,,id:1557,,,,,,2,Color,Black,,1,,Size,Medium,,1,,,
1560,variation,,"Plus Size Sequin Evening Dress with Side Split - Black, Small",1,0,visible,,,,,taxable,parent,1,,,0,0,,,,,0,,,99.99,,,,,,,id:1557,,,,,,3,Color,Black,,1,,Size,Small,,1,,,
1561,variation,,"Plus Size Sequin Evening Dress with Side Split - Blue, Large",1,0,visible,,,,,taxable,parent,1,,,0,0,,,,,0,,,99.99,,,,,,,id:1557,,,,,,4,Color,Blue,,1,,Size,Large,,1,,,
1562,variation,,"Plus Size Sequin Evening Dress with Side Split - Blue, Medium",1,0,visible,,,,,taxable,parent,1,,,0,0,,,,,0,,,99.99,,,,,,,id:1557,,,,,,5,Color,Blue,,1,,Size,Medium,,1,,,
1563,variation,,"Plus Size Sequin Evening Dress with Side Split - Blue, Small",1,0,visible,,,,,taxable,parent,1,,,0,0,,,,,0,,,99.99,,,,,,,id:1557,,,,,,6,Color,Blue,,1,,Size,Small,,1,,,
1564,variation,,"Plus Size Sequin Evening Dress with Side Split - White, Large",1,0,visible,,,,,taxable,parent,1,,,0,0,,,,,0,,,99.99,,,,,,,id:1557,,,,,,7,Color,White,,1,,Size,Large,,1,,,
1565,variation,,"Plus Size Sequin Evening Dress with Side Split - White, Medium",1,0,visible,,,,,taxable,parent,1,,,0,0,,,,,0,,,99.99,,,,,,,id:1557,,,,,,8,Color,White,,1,,Size,Medium,,1,,,
1566,variation,,"Plus Size Sequin Evening Dress with Side Split - White, Small",1,0,visible,,,,,taxable,parent,1,,,0,0,,,,,0,,,99.99,,,,,,,id:1557,,,,,,9,Color,White,,1,,Size,Small,,1,,,
1567,variation,,"Plus Size Sequin Evening Dress with Side Split - Yellow, Large",1,0,visible,,,,,taxable,parent,1,,,0,0,,,,,0,,,99.99,,,,,,,id:1557,,,,,,10,Color,Yellow,,1,,Size,Large,,1,,,
1568,variation,,"Plus Size Sequin Evening Dress with Side Split - Yellow, Medium",1,0,visible,,,,,taxable,parent,1,,,0,0,,,,,0,,,99.99,,,,,,,id:1557,,,,,,11,Color,Yellow,,1,,Size,Medium,,1,,,
1569,variation,,"Plus Size Sequin Evening Dress with Side Split - Yellow, Small",1,0,visible,,,,,taxable,parent,1,,,0,0,,,,,0,,,99.99,,,,,,,id:1557,,,,,,12,Color,Yellow,,1,,Size,Small,,1,,,
1558,variation,,"Plus Size Sequin Evening Dress with Side Split - Black, Large",1,0,visible,,,,,taxable,parent,1,,,0,0,,,,,0,,,99.99,,,,,,,id:1557,,,,,,1,Color,Black,,1,,Size,Large,,1,,,
1588,variation,,"Women's V Neck Multi Color Irregular Hem Prom Dress - Black, Small",1,0,visible,,,,,taxable,parent,1,,,0,0,,,,,0,,,99.99,,,,,,,id:1585,,,,,,3,Color,Black,,1,,Size,Small,,1,,,
1589,variation,,"Women's V Neck Multi Color Irregular Hem Prom Dress - Blue, Large",1,0,visible,,,,,taxable,parent,1,,,0,0,,,,,0,,,99.99,,,,,,,id:1585,,,,,,4,Color,Blue,,1,,Size,Large,,1,,,
1590,variation,,"Women's V Neck Multi Color Irregular Hem Prom Dress - Blue, Medium",1,0,visible,,,,,taxable,parent,1,,,0,0,,,,,0,,,99.99,,,,,,,id:1585,,,,,,5,Color,Blue,,1,,Size,Medium,,1,,,
1591,variation,,"Women's V Neck Multi Color Irregular Hem Prom Dress - Blue, Small",1,0,visible,,,,,taxable,parent,1,,,0,0,,,,,0,,,99.99,,,,,,,id:1585,,,,,,6,Color,Blue,,1,,Size,Small,,1,,,
1592,variation,,"Women's V Neck Multi Color Irregular Hem Prom Dress - White, Large",1,0,visible,,,,,taxable,parent,1,,,0,0,,,,,0,,,99.99,,,,,,,id:1585,,,,,,7,Color,White,,1,,Size,Large,,1,,,
1593,variation,,"Women's V Neck Multi Color Irregular Hem Prom Dress - White, Medium",1,0,visible,,,,,taxable,parent,1,,,0,0,,,,,0,,,99.99,,,,,,,id:1585,,,,,,8,Color,White,,1,,Size,Medium,,1,,,
1594,variation,,"Women's V Neck Multi Color Irregular Hem Prom Dress - White, Small",1,0,visible,,,,,taxable,parent,1,,,0,0,,,,,0,,,99.99,,,,,,,id:1585,,,,,,9,Color,White,,1,,Size,Small,,1,,,
1595,variation,,"Women's V Neck Multi Color Irregular Hem Prom Dress - Yellow, Large",1,0,visible,,,,,taxable,parent,1,,,0,0,,,,,0,,,99.99,,,,,,,id:1585,,,,,,10,Color,Yellow,,1,,Size,Large,,1,,,
1596,variation,,"Women's V Neck Multi Color Irregular Hem Prom Dress - Yellow, Medium",1,0,visible,,,,,taxable,parent,1,,,0,0,,,,,0,,,99.99,,,,,,,id:1585,,,,,,11,Color,Yellow,,1,,Size,Medium,,1,,,
1597,variation,,"Women's V Neck Multi Color Irregular Hem Prom Dress - Yellow, Small",1,0,visible,,,,,taxable,parent,1,,,0,0,,,,,0,,,99.99,,,,,,,id:1585,,,,,,12,Color,Yellow,,1,,Size,Small,,1,,,
1586,variation,,"Women's V Neck Multi Color Irregular Hem Prom Dress - Black, Large",1,0,visible,,,,,taxable,parent,1,,,0,0,,,,,0,,,99.99,,,,,,,id:1585,,,,,,1,Color,Black,,1,,Size,Large,,1,,,
1587,variation,,"Women's V Neck Multi Color Irregular Hem Prom Dress - Black, Medium",1,0,visible,,,,,taxable,parent,1,,,0,0,,,,,0,,,99.99,,,,,,,id:1585,,,,,,2,Color,Black,,1,,Size,Medium,,1,,,
1608,variation,,"Women's A-Line Off the Shoulder Maxi Long Prom Dress - Yellow, Large",1,0,visible,,,,,taxable,parent,1,,,0,0,,,,,0,,,99.99,,,,,,,id:1598,,,,,,10,Color,Yellow,,1,,Size,Large,,1,,,
1609,variation,,"Women's A-Line Off the Shoulder Maxi Long Prom Dress - Yellow, Medium",1,0,visible,,,,,taxable,parent,1,,,0,0,,,,,0,,,99.99,,,,,,,id:1598,,,,,,11,Color,Yellow,,1,,Size,Medium,,1,,,
1610,variation,,"Women's A-Line Off the Shoulder Maxi Long Prom Dress - Yellow, Small",1,0,visible,,,,,taxable,parent,1,,,0,0,,,,,0,,,99.99,,,,,,,id:1598,,,,,,12,Color,Yellow,,1,,Size,Small,,1,,,
1599,variation,,"Women's A-Line Off the Shoulder Maxi Long Prom Dress - Black, Large",1,0,visible,,,,,taxable,parent,1,,,0,0,,,,,0,,,99.99,,,,,,,id:1598,,,,,,1,Color,Black,,1,,Size,Large,,1,,,
1600,variation,,"Women's A-Line Off the Shoulder Maxi Long Prom Dress - Black, Medium",1,0,visible,,,,,taxable,parent,1,,,0,0,,,,,0,,,99.99,,,,,,,id:1598,,,,,,2,Color,Black,,1,,Size,Medium,,1,,,
1601,variation,,"Women's A-Line Off the Shoulder Maxi Long Prom Dress - Black, Small",1,0,visible,,,,,taxable,parent,1,,,0,0,,,,,0,,,99.99,,,,,,,id:1598,,,,,,3,Color,Black,,1,,Size,Small,,1,,,
1602,variation,,"Women's A-Line Off the Shoulder Maxi Long Prom Dress - Blue, Large",1,0,visible,,,,,taxable,parent,1,,,0,0,,,,,0,,,99.99,,,,,,,id:1598,,,,,,4,Color,Blue,,1,,Size,Large,,1,,,
1603,variation,,"Women's A-Line Off the Shoulder Maxi Long Prom Dress - Blue, Medium",1,0,visible,,,,,taxable,parent,1,,,0,0,,,,,0,,,99.99,,,,,,,id:1598,,,,,,5,Color,Blue,,1,,Size,Medium,,1,,,
1604,variation,,"Women's A-Line Off the Shoulder Maxi Long Prom Dress - Blue, Small",1,0,visible,,,,,taxable,parent,1,,,0,0,,,,,0,,,99.99,,,,,,,id:1598,,,,,,6,Color,Blue,,1,,Size,Small,,1,,,
1605,variation,,"Women's A-Line Off the Shoulder Maxi Long Prom Dress - White, Large",1,0,visible,,,,,taxable,parent,1,,,0,0,,,,,0,,,99.99,,,,,,,id:1598,,,,,,7,Color,White,,1,,Size,Large,,1,,,
1606,variation,,"Women's A-Line Off the Shoulder Maxi Long Prom Dress - White, Medium",1,0,visible,,,,,taxable,parent,1,,,0,0,,,,,0,,,99.99,,,,,,,id:1598,,,,,,8,Color,White,,1,,Size,Medium,,1,,,
1607,variation,,"Women's A-Line Off the Shoulder Maxi Long Prom Dress - White, Small",1,0,visible,,,,,taxable,parent,1,,,0,0,,,,,0,,,99.99,,,,,,,id:1598,,,,,,9,Color,White,,1,,Size,Small,,1,,,
1622,variation,,"Plus Size Half Sleeve Evening Dress For Weddings - Yellow, Medium",1,0,visible,,,,,taxable,parent,1,,,0,0,,,,,0,,,99.99,,,,,,,id:1611,,,,,,11,Color,Yellow,,1,,Size,Medium,,1,,,
1623,variation,,"Plus Size Half Sleeve Evening Dress For Weddings - Yellow, Small",1,0,visible,,,,,taxable,parent,1,,,0,0,,,,,0,,,99.99,,,,,,,id:1611,,,,,,12,Color,Yellow,,1,,Size,Small,,1,,,
1612,variation,,"Plus Size Half Sleeve Evening Dress For Weddings - Black, Large",1,0,visible,,,,,taxable,parent,1,,,0,0,,,,,0,,,99.99,,,,,,,id:1611,,,,,,1,Color,Black,,1,,Size,Large,,1,,,
1613,variation,,"Plus Size Half Sleeve Evening Dress For Weddings - Black, Medium",1,0,visible,,,,,taxable,parent,1,,,0,0,,,,,0,,,99.99,,,,,,,id:1611,,,,,,2,Color,Black,,1,,Size,Medium,,1,,,
1614,variation,,"Plus Size Half Sleeve Evening Dress For Weddings - Black, Small",1,0,visible,,,,,taxable,parent,1,,,0,0,,,,,0,,,99.99,,,,,,,id:1611,,,,,,3,Color,Black,,1,,Size,Small,,1,,,
1615,variation,,"Plus Size Half Sleeve Evening Dress For Weddings - Blue, Large",1,0,visible,,,,,taxable,parent,1,,,0,0,,,,,0,,,99.99,,,,,,,id:1611,,,,,,4,Color,Blue,,1,,Size,Large,,1,,,
1616,variation,,"Plus Size Half Sleeve Evening Dress For Weddings - Blue, Medium",1,0,visible,,,,,taxable,parent,1,,,0,0,,,,,0,,,99.99,,,,,,,id:1611,,,,,,5,Color,Blue,,1,,Size,Medium,,1,,,
1617,variation,,"Plus Size Half Sleeve Evening Dress For Weddings - Blue, Small",1,0,visible,,,,,taxable,parent,1,,,0,0,,,,,0,,,99.99,,,,,,,id:1611,,,,,,6,Color,Blue,,1,,Size,Small,,1,,,
1618,variation,,"Plus Size Half Sleeve Evening Dress For Weddings - White, Large",1,0,visible,,,,,taxable,parent,1,,,0,0,,,,,0,,,99.99,,,,,,,id:1611,,,,,,7,Color,White,,1,,Size,Large,,1,,,
1619,variation,,"Plus Size Half Sleeve Evening Dress For Weddings - White, Medium",1,0,visible,,,,,taxable,parent,1,,,0,0,,,,,0,,,99.99,,,,,,,id:1611,,,,,,8,Color,White,,1,,Size,Medium,,1,,,
1620,variation,,"Plus Size Half Sleeve Evening Dress For Weddings - White, Small",1,0,visible,,,,,taxable,parent,1,,,0,0,,,,,0,,,99.99,,,,,,,id:1611,,,,,,9,Color,White,,1,,Size,Small,,1,,,
1621,variation,,"Plus Size Half Sleeve Evening Dress For Weddings - Yellow, Large",1,0,visible,,,,,taxable,parent,1,,,0,0,,,,,0,,,99.99,,,,,,,id:1611,,,,,,10,Color,Yellow,,1,,Size,Large,,1,,,
1625,variation,,"Fancy V Neck Sleeveless High-Low Prom Dress for Women - Black, Large",1,0,visible,,,,,taxable,parent,1,,,0,0,,,,,0,,,99.99,,,,,,,id:1624,,,,,,1,Color,Black,,1,,Size,Large,,1,,,
1626,variation,,"Fancy V Neck Sleeveless High-Low Prom Dress for Women - Black, Medium",1,0,visible,,,,,taxable,parent,1,,,0,0,,,,,0,,,99.99,,,,,,,id:1624,,,,,,2,Color,Black,,1,,Size,Medium,,1,,,
1627,variation,,"Fancy V Neck Sleeveless High-Low Prom Dress for Women - Black, Small",1,0,visible,,,,,taxable,parent,1,,,0,0,,,,,0,,,99.99,,,,,,,id:1624,,,,,,3,Color,Black,,1,,Size,Small,,1,,,
1628,variation,,"Fancy V Neck Sleeveless High-Low Prom Dress for Women - Blue, Large",1,0,visible,,,,,taxable,parent,1,,,0,0,,,,,0,,,99.99,,,,,,,id:1624,,,,,,4,Color,Blue,,1,,Size,Large,,1,,,
1629,variation,,"Fancy V Neck Sleeveless High-Low Prom Dress for Women - Blue, Medium",1,0,visible,,,,,taxable,parent,1,,,0,0,,,,,0,,,99.99,,,,,,,id:1624,,,,,,5,Color,Blue,,1,,Size,Medium,,1,,,
1630,variation,,"Fancy V Neck Sleeveless High-Low Prom Dress for Women - Blue, Small",1,0,visible,,,,,taxable,parent,1,,,0,0,,,,,0,,,99.99,,,,,,,id:1624,,,,,,6,Color,Blue,,1,,Size,Small,,1,,,
1631,variation,,"Fancy V Neck Sleeveless High-Low Prom Dress for Women - White, Large",1,0,visible,,,,,taxable,parent,1,,,0,0,,,,,0,,,99.99,,,,,,,id:1624,,,,,,7,Color,White,,1,,Size,Large,,1,,,
1632,variation,,"Fancy V Neck Sleeveless High-Low Prom Dress for Women - White, Medium",1,0,visible,,,,,taxable,parent,1,,,0,0,,,,,0,,,99.99,,,,,,,id:1624,,,,,,8,Color,White,,1,,Size,Medium,,1,,,
1633,variation,,"Fancy V Neck Sleeveless High-Low Prom Dress for Women - White, Small",1,0,visible,,,,,taxable,parent,1,,,0,0,,,,,0,,,99.99,,,,,,,id:1624,,,,,,9,Color,White,,1,,Size,Small,,1,,,
1634,variation,,"Fancy V Neck Sleeveless High-Low Prom Dress for Women - Yellow, Large",1,0,visible,,,,,taxable,parent,1,,,0,0,,,,,0,,,99.99,,,,,,,id:1624,,,,,,10,Color,Yellow,,1,,Size,Large,,1,,,
1635,variation,,"Fancy V Neck Sleeveless High-Low Prom Dress for Women - Yellow, Medium",1,0,visible,,,,,taxable,parent,1,,,0,0,,,,,0,,,99.99,,,,,,,id:1624,,,,,,11,Color,Yellow,,1,,Size,Medium,,1,,,
1636,variation,,"Fancy V Neck Sleeveless High-Low Prom Dress for Women - Yellow, Small",1,0,visible,,,,,taxable,parent,1,,,0,0,,,,,0,,,99.99,,,,,,,id:1624,,,,,,12,Color,Yellow,,1,,Size,Small,,1,,,
1643,variation,,"A-Line Maxi Long Prom Dresses for Women with Mesh - Blue, Small",1,0,visible,,,,,taxable,parent,1,,,0,0,,,,,0,,,99.99,,,,,,,id:1637,,,,,,6,Color,Blue,,1,,Size,Small,,1,,,
1644,variation,,"A-Line Maxi Long Prom Dresses for Women with Mesh - White, Large",1,0,visible,,,,,taxable,parent,1,,,0,0,,,,,0,,,99.99,,,,,,,id:1637,,,,,,7,Color,White,,1,,Size,Large,,1,,,
1645,variation,,"A-Line Maxi Long Prom Dresses for Women with Mesh - White, Medium",1,0,visible,,,,,taxable,parent,1,,,0,0,,,,,0,,,99.99,,,,,,,id:1637,,,,,,8,Color,White,,1,,Size,Medium,,1,,,
1646,variation,,"A-Line Maxi Long Prom Dresses for Women with Mesh - White, Small",1,0,visible,,,,,taxable,parent,1,,,0,0,,,,,0,,,99.99,,,,,,,id:1637,,,,,,9,Color,White,,1,,Size,Small,,1,,,
1647,variation,,"A-Line Maxi Long Prom Dresses for Women with Mesh - Yellow, Large",1,0,visible,,,,,taxable,parent,1,,,0,0,,,,,0,,,99.99,,,,,,,id:1637,,,,,,10,Color,Yellow,,1,,Size,Large,,1,,,
1648,variation,,"A-Line Maxi Long Prom Dresses for Women with Mesh - Yellow, Medium",1,0,visible,,,,,taxable,parent,1,,,0,0,,,,,0,,,99.99,,,,,,,id:1637,,,,,,11,Color,Yellow,,1,,Size,Medium,,1,,,
1649,variation,,"A-Line Maxi Long Prom Dresses for Women with Mesh - Yellow, Small",1,0,visible,,,,,taxable,parent,1,,,0,0,,,,,0,,,99.99,,,,,,,id:1637,,,,,,12,Color,Yellow,,1,,Size,Small,,1,,,
1638,variation,,"A-Line Maxi Long Prom Dresses for Women with Mesh - Black, Large",1,0,visible,,,,,taxable,parent,1,,,0,0,,,,,0,,,99.99,,,,,,,id:1637,,,,,,1,Color,Black,,1,,Size,Large,,1,,,
1639,variation,,"A-Line Maxi Long Prom Dresses for Women with Mesh - Black, Medium",1,0,visible,,,,,taxable,parent,1,,,0,0,,,,,0,,,99.99,,,,,,,id:1637,,,,,,2,Color,Black,,1,,Size,Medium,,1,,,
1640,variation,,"A-Line Maxi Long Prom Dresses for Women with Mesh - Black, Small",1,0,visible,,,,,taxable,parent,1,,,0,0,,,,,0,,,99.99,,,,,,,id:1637,,,,,,3,Color,Black,,1,,Size,Small,,1,,,
1641,variation,,"A-Line Maxi Long Prom Dresses for Women with Mesh - Blue, Large",1,0,visible,,,,,taxable,parent,1,,,0,0,,,,,0,,,99.99,,,,,,,id:1637,,,,,,4,Color,Blue,,1,,Size,Large,,1,,,
1642,variation,,"A-Line Maxi Long Prom Dresses for Women with Mesh - Blue, Medium",1,0,visible,,,,,taxable,parent,1,,,0,0,,,,,0,,,99.99,,,,,,,id:1637,,,,,,5,Color,Blue,,1,,Size,Medium,,1,,,
1651,variation,,"Lace Stitching Satin Maxi Prom Dresses with 3/4 Sleeves - Black, Large",1,0,visible,,,,,taxable,parent,1,,,0,0,,,,,0,,,99.99,,,,,,,id:1650,,,,,,1,Color,Black,,1,,Size,Large,,1,,,
1652,variation,,"Lace Stitching Satin Maxi Prom Dresses with 3/4 Sleeves - Black, Medium",1,0,visible,,,,,taxable,parent,1,,,0,0,,,,,0,,,99.99,,,,,,,id:1650,,,,,,2,Color,Black,,1,,Size,Medium,,1,,,
1653,variation,,"Lace Stitching Satin Maxi Prom Dresses with 3/4 Sleeves - Black, Small",1,0,visible,,,,,taxable,parent,1,,,0,0,,,,,0,,,99.99,,,,,,,id:1650,,,,,,3,Color,Black,,1,,Size,Small,,1,,,
1654,variation,,"Lace Stitching Satin Maxi Prom Dresses with 3/4 Sleeves - Blue, Large",1,0,visible,,,,,taxable,parent,1,,,0,0,,,,,0,,,99.99,,,,,,,id:1650,,,,,,4,Color,Blue,,1,,Size,Large,,1,,,
1655,variation,,"Lace Stitching Satin Maxi Prom Dresses with 3/4 Sleeves - Blue, Medium",1,0,visible,,,,,taxable,parent,1,,,0,0,,,,,0,,,99.99,,,,,,,id:1650,,,,,,5,Color,Blue,,1,,Size,Medium,,1,,,
1656,variation,,"Lace Stitching Satin Maxi Prom Dresses with 3/4 Sleeves - Blue, Small",1,0,visible,,,,,taxable,parent,1,,,0,0,,,,,0,,,99.99,,,,,,,id:1650,,,,,,6,Color,Blue,,1,,Size,Small,,1,,,
1657,variation,,"Lace Stitching Satin Maxi Prom Dresses with 3/4 Sleeves - White, Large",1,0,visible,,,,,taxable,parent,1,,,0,0,,,,,0,,,99.99,,,,,,,id:1650,,,,,,7,Color,White,,1,,Size,Large,,1,,,
1658,variation,,"Lace Stitching Satin Maxi Prom Dresses with 3/4 Sleeves - White, Medium",1,0,visible,,,,,taxable,parent,1,,,0,0,,,,,0,,,99.99,,,,,,,id:1650,,,,,,8,Color,White,,1,,Size,Medium,,1,,,
1659,variation,,"Lace Stitching Satin Maxi Prom Dresses with 3/4 Sleeves - White, Small",1,0,visible,,,,,taxable,parent,1,,,0,0,,,,,0,,,99.99,,,,,,,id:1650,,,,,,9,Color,White,,1,,Size,Small,,1,,,
1660,variation,,"Lace Stitching Satin Maxi Prom Dresses with 3/4 Sleeves - Yellow, Large",1,0,visible,,,,,taxable,parent,1,,,0,0,,,,,0,,,99.99,,,,,,,id:1650,,,,,,10,Color,Yellow,,1,,Size,Large,,1,,,
1661,variation,,"Lace Stitching Satin Maxi Prom Dresses with 3/4 Sleeves - Yellow, Medium",1,0,visible,,,,,taxable,parent,1,,,0,0,,,,,0,,,99.99,,,,,,,id:1650,,,,,,11,Color,Yellow,,1,,Size,Medium,,1,,,
1662,variation,,"Lace Stitching Satin Maxi Prom Dresses with 3/4 Sleeves - Yellow, Small",1,0,visible,,,,,taxable,parent,1,,,0,0,,,,,0,,,99.99,,,,,,,id:1650,,,,,,12,Color,Yellow,,1,,Size,Small,,1,,,
1666,variation,,"Gorgeous Deep Double V Neck Satin Prom Dress with Cap Sleeves - Black, Small",1,0,visible,,,,,taxable,parent,1,,,0,0,,,,,0,,,99.99,,,,,,,id:1663,,,,,,3,Color,Black,,1,,Size,Small,,1,,,
1667,variation,,"Gorgeous Deep Double V Neck Satin Prom Dress with Cap Sleeves - Blue, Large",1,0,visible,,,,,taxable,parent,1,,,0,0,,,,,0,,,99.99,,,,,,,id:1663,,,,,,4,Color,Blue,,1,,Size,Large,,1,,,
1668,variation,,"Gorgeous Deep Double V Neck Satin Prom Dress with Cap Sleeves - Blue, Medium",1,0,visible,,,,,taxable,parent,1,,,0,0,,,,,0,,,99.99,,,,,,,id:1663,,,,,,5,Color,Blue,,1,,Size,Medium,,1,,,
1669,variation,,"Gorgeous Deep Double V Neck Satin Prom Dress with Cap Sleeves - Blue, Small",1,0,visible,,,,,taxable,parent,1,,,0,0,,,,,0,,,99.99,,,,,,,id:1663,,,,,,6,Color,Blue,,1,,Size,Small,,1,,,
1670,variation,,"Gorgeous Deep Double V Neck Satin Prom Dress with Cap Sleeves - White, Large",1,0,visible,,,,,taxable,parent,1,,,0,0,,,,,0,,,99.99,,,,,,,id:1663,,,,,,7,Color,White,,1,,Size,Large,,1,,,
1671,variation,,"Gorgeous Deep Double V Neck Satin Prom Dress with Cap Sleeves - White, Medium",1,0,visible,,,,,taxable,parent,1,,,0,0,,,,,0,,,99.99,,,,,,,id:1663,,,,,,8,Color,White,,1,,Size,Medium,,1,,,
1672,variation,,"Gorgeous Deep Double V Neck Satin Prom Dress with Cap Sleeves - White, Small",1,0,visible,,,,,taxable,parent,1,,,0,0,,,,,0,,,99.99,,,,,,,id:1663,,,,,,9,Color,White,,1,,Size,Small,,1,,,
1673,variation,,"Gorgeous Deep Double V Neck Satin Prom Dress with Cap Sleeves - Yellow, Large",1,0,visible,,,,,taxable,parent,1,,,0,0,,,,,0,,,99.99,,,,,,,id:1663,,,,,,10,Color,Yellow,,1,,Size,Large,,1,,,
1674,variation,,"Gorgeous Deep Double V Neck Satin Prom Dress with Cap Sleeves - Yellow, Medium",1,0,visible,,,,,taxable,parent,1,,,0,0,,,,,0,,,99.99,,,,,,,id:1663,,,,,,11,Color,Yellow,,1,,Size,Medium,,1,,,
1675,variation,,"Gorgeous Deep Double V Neck Satin Prom Dress with Cap Sleeves - Yellow, Small",1,0,visible,,,,,taxable,parent,1,,,0,0,,,,,0,,,99.99,,,,,,,id:1663,,,,,,12,Color,Yellow,,1,,Size,Small,,1,,,
1664,variation,,"Gorgeous Deep Double V Neck Satin Prom Dress with Cap Sleeves - Black, Large",1,0,visible,,,,,taxable,parent,1,,,0,0,,,,,0,,,99.99,,,,,,,id:1663,,,,,,1,Color,Black,,1,,Size,Large,,1,,,
1665,variation,,"Gorgeous Deep Double V Neck Satin Prom Dress with Cap Sleeves - Black, Medium",1,0,visible,,,,,taxable,parent,1,,,0,0,,,,,0,,,99.99,,,,,,,id:1663,,,,,,2,Color,Black,,1,,Size,Medium,,1,,,
