ID,Type,SKU,Name,Published,"Is featured?","Visibility in catalog","Short description",Description,"Date sale price starts","Date sale price ends","Tax status","Tax class","In stock?",Stock,"Low stock amount","Backorders allowed?","Sold individually?","Weight (kg)","Length (cm)","Width (cm)","Height (cm)","Allow customer reviews?","Purchase note","Sale price","Regular price",Categories,Tags,"Shipping class",Images,"Download limit","Download expiry days",Parent,"Grouped products",Upsells,Cross-sells,"External URL","Button text",Position,"Meta: rs_page_bg_color","Attribute 1 name","Attribute 1 value(s)","Attribute 1 visible","Attribute 1 global","Attribute 1 default","Attribute 2 name","Attribute 2 value(s)","Attribute 2 visible","Attribute 2 global","Attribute 2 default","Download 1 name","Download 1 URL","Meta: _product_url"
344,simple,,"Puffed sleeves denim shirt",1,0,visible,"A simple product is the most common and easily-understandable product type in WooCommerce. A simple product is a unique, stand-alone, physical product that you may have to ship to the customer. To start with, you can create a simple product, assign a price &amp; SKU for the product, and start selling them. eg: Books.\n\nSimple product in WooCommerce is one of the easiest to configure. You can add price, SKU and stock details, and publish a simple product. While creating a new product, you can select ‘Simple product’ from the drop-down.\n\nTo understand the process of setting up a WooCommerce Simple Product in detail, refer to our article <a href=""https://docs.woocommerce.com/document/managing-products/#section-5"" data-wpel-link=""internal"">How to Add a WooCommerce Simple Product</a>.","[elementor-template id=""391""]",,,taxable,,1,,,0,0,,,,,1,,59.99,79.99,Women,"dress, fashion, theme, women, woocommerce",,"https://juliette.novaworks.net/wp-content/uploads/2021/02/1.jpg, https://juliette.novaworks.net/wp-content/uploads/2021/02/1-2.jpg, https://juliette.novaworks.net/wp-content/uploads/2021/02/2-1.jpg, https://juliette.novaworks.net/wp-content/uploads/2021/02/2.jpg, https://juliette.novaworks.net/wp-content/uploads/2021/02/3-1.jpg, https://juliette.novaworks.net/wp-content/uploads/2021/02/3.jpg",,,,,,,,,22,,,,,,,,,,,,,,
394,variable,,"Puffed sleeves dress",1,0,visible,"This product type lets you add variations to the same product to create a complex, variable product. Each variation of the product has its own price, SKU, available stock, etc. eg: A shirt or t-shirt with different sizes and different colors.\n\nWhile creating the product, you can select the ‘Variable product’ option from the drop-down. To be able to create different variations, you will have to set up attributes and define values to each of them. You can use different attributes and values to create variations. After that, you can manually create available variations or create all possible variations in one go. You can update individual details for each variation, after all required variations are created.\n\n&nbsp;","[elementor-template id=""391""]",,,taxable,,1,,,0,0,,,,,1,,,,Women,"dress, fashion, theme, women, woocommerce",,"https://juliette.novaworks.net/wp-content/uploads/2021/02/2.jpg, https://juliette.novaworks.net/wp-content/uploads/2021/02/2-1.jpg, https://juliette.novaworks.net/wp-content/uploads/2021/02/1-2.jpg, https://juliette.novaworks.net/wp-content/uploads/2021/02/2.jpg, https://juliette.novaworks.net/wp-content/uploads/2021/02/3-1.jpg, https://juliette.novaworks.net/wp-content/uploads/2021/02/3.jpg",,,,,,,,,21,,Color,"Black, Blue, White, Yellow",1,1,Black,Size,"Large, Medium, Small",1,1,Large,,,
407,"simple, downloadable",,"Textured cotton-blend dress",1,0,visible,"Similar to virtual products, downloadable products also don’t require shipping. They are available as a downloadable file with a specified path or URL. In most cases, there will be a limit on the number of downloads of such products. In a seemingly ironic way, WooCommerce allows setting shipping options for downloadable products. This is in fact to include the scenario where you want to send a packaged version (like a CD) of the product to the customer. If your product is only downloadable and has no physical version, you can mark it as a virtual product.\n\nSimilar to virtual products, you can tick the specific checkbox while creating downloadable products. An additional step while creating downloadable products will be to specify the file path and other details like user access restrictions.","[elementor-template id=""391""]",,,taxable,,1,,,0,0,,,,,1,,,69,Women,"dress, fashion, theme, women, woocommerce",,"https://juliette.novaworks.net/wp-content/uploads/2021/02/3.jpg, https://juliette.novaworks.net/wp-content/uploads/2021/02/3-1.jpg, https://juliette.novaworks.net/wp-content/uploads/2021/02/1-2.jpg, https://juliette.novaworks.net/wp-content/uploads/2021/02/2-1.jpg, https://juliette.novaworks.net/wp-content/uploads/2021/02/24-1.jpg, https://juliette.novaworks.net/wp-content/uploads/2021/02/23.jpg",'-1,'-1,,,,,,,20,,,,,,,,,,,,24.jpg,https://juliette.novaworks.net/wp-content/uploads/2021/02/24.jpg,
408,external,,"Floral print dress",1,0,visible,"Similar to virtual products, downloadable products also don’t require shipping. They are available as a downloadable file with a specified path or URL. In most cases, there will be a limit on the number of downloads of such products. In a seemingly ironic way, WooCommerce allows setting shipping options for downloadable products. This is in fact to include the scenario where you want to send a packaged version (like a CD) of the product to the customer. If your product is only downloadable and has no physical version, you can mark it as a virtual product.\n\nSimilar to virtual products, you can tick the specific checkbox while creating downloadable products. An additional step while creating downloadable products will be to specify the file path and other details like user access restrictions.","[elementor-template id=""391""]",,,taxable,,1,,,0,0,,,,,1,,,39.99,Women,"dress, fashion, theme, women, woocommerce",,"https://juliette.novaworks.net/wp-content/uploads/2021/02/4.jpg, https://juliette.novaworks.net/wp-content/uploads/2021/02/4-1.jpg, https://juliette.novaworks.net/wp-content/uploads/2021/02/1-2.jpg, https://juliette.novaworks.net/wp-content/uploads/2021/02/2-1.jpg, https://juliette.novaworks.net/wp-content/uploads/2021/02/24-1.jpg, https://juliette.novaworks.net/wp-content/uploads/2021/02/23.jpg",,,,,,,https://shop.mango.com/us/women/dresses-and-jumpsuits-midi/floral-print-dress_87042884.html,,19,,,,,,,,,,,,,,
409,grouped,,"Ruffled sleeve dress",1,0,visible,"A grouped product is a cluster of simple products clubbed together to form a single entity. The grouped product won’t have a price or other features. The identity of the grouped product is created by a number of child products that have unique features of their own. As soon as you create a grouped product, you can add at least one child product to the grouped product. Your customers can purchase any of the child products from the grouped product individually as well. eg: A set of six glasses.\n\nYou can select the option ‘Grouped product’ from the drop-down menu and specify the products you are linking together. There is no need to set a price for the Grouped product as it will be dependent on the child products.","[elementor-template id=""391""]",,,taxable,,1,,,0,0,,,,,1,,,,Women,"dress, fashion, theme, women, woocommerce",,"https://juliette.novaworks.net/wp-content/uploads/2021/02/5.jpg, https://juliette.novaworks.net/wp-content/uploads/2021/02/5-1.jpg, https://juliette.novaworks.net/wp-content/uploads/2021/02/4-1.jpg, https://juliette.novaworks.net/wp-content/uploads/2021/02/1-2.jpg, https://juliette.novaworks.net/wp-content/uploads/2021/02/2-1.jpg, https://juliette.novaworks.net/wp-content/uploads/2021/02/24-1.jpg",,,,"id:394, id:407, id:408",,,,,18,,,,,,,,,,,,,,https://shop.mango.com/us/women/dresses-and-jumpsuits-midi/floral-print-dress_87042884.html
410,simple,,"Texture check T-shirt",1,0,visible,"A simple product is the most common and easily-understandable product type in WooCommerce. A simple product is a unique, stand-alone, physical product that you may have to ship to the customer. To start with, you can create a simple product, assign a price &amp; SKU for the product, and start selling them. eg: Books.\n\nSimple product in WooCommerce is one of the easiest to configure. You can add price, SKU and stock details, and publish a simple product. While creating a new product, you can select ‘Simple product’ from the drop-down.\n\nTo understand the process of setting up a WooCommerce Simple Product in detail, refer to our article <a href=""https://docs.woocommerce.com/document/managing-products/#section-5"" data-wpel-link=""internal"">How to Add a WooCommerce Simple Product</a>.","[elementor-template id=""391""]",,,taxable,,1,,,0,0,,,,,1,,59.99,79.99,Women,"dress, fashion, theme, women, woocommerce",,"https://juliette.novaworks.net/wp-content/uploads/2021/02/6.jpg, https://juliette.novaworks.net/wp-content/uploads/2021/02/6-1.jpg, https://juliette.novaworks.net/wp-content/uploads/2021/02/1-2.jpg, https://juliette.novaworks.net/wp-content/uploads/2021/02/2-1.jpg, https://juliette.novaworks.net/wp-content/uploads/2021/02/2.jpg, https://juliette.novaworks.net/wp-content/uploads/2021/02/3-1.jpg",,,,,,,,,17,,,,,,,,,,,,,,
411,simple,,"Puffed sleeves denim dress",1,0,visible,"A simple product is the most common and easily-understandable product type in WooCommerce. A simple product is a unique, stand-alone, physical product that you may have to ship to the customer. To start with, you can create a simple product, assign a price &amp; SKU for the product, and start selling them. eg: Books.\n\nSimple product in WooCommerce is one of the easiest to configure. You can add price, SKU and stock details, and publish a simple product. While creating a new product, you can select ‘Simple product’ from the drop-down.\n\nTo understand the process of setting up a WooCommerce Simple Product in detail, refer to our article <a href=""https://docs.woocommerce.com/document/managing-products/#section-5"" data-wpel-link=""internal"">How to Add a WooCommerce Simple Product</a>.","[elementor-template id=""391""]",,,taxable,,1,,,0,0,,,,,1,,,129.99,Women,"dress, fashion, theme, women, woocommerce",,"https://juliette.novaworks.net/wp-content/uploads/2021/02/7.jpg, https://juliette.novaworks.net/wp-content/uploads/2021/02/7-1.jpg, https://juliette.novaworks.net/wp-content/uploads/2021/02/1-2.jpg, https://juliette.novaworks.net/wp-content/uploads/2021/02/2-1.jpg, https://juliette.novaworks.net/wp-content/uploads/2021/02/2.jpg, https://juliette.novaworks.net/wp-content/uploads/2021/02/3-1.jpg",,,,,,,,,16,,,,,,,,,,,,,,
412,variable,,"Long sleeve cotton t-shirt",1,0,visible,"This product type lets you add variations to the same product to create a complex, variable product. Each variation of the product has its own price, SKU, available stock, etc. eg: A shirt or t-shirt with different sizes and different colors.\n\nWhile creating the product, you can select the ‘Variable product’ option from the drop-down. To be able to create different variations, you will have to set up attributes and define values to each of them. You can use different attributes and values to create variations. After that, you can manually create available variations or create all possible variations in one go. You can update individual details for each variation, after all required variations are created.\n\n&nbsp;","[elementor-template id=""391""]",,,taxable,,1,,,0,0,,,,,1,,,,Women,"dress, fashion, theme, women, woocommerce",,"https://juliette.novaworks.net/wp-content/uploads/2021/02/9.jpg, https://juliette.novaworks.net/wp-content/uploads/2021/02/9-1.jpg, https://juliette.novaworks.net/wp-content/uploads/2021/02/2-1.jpg, https://juliette.novaworks.net/wp-content/uploads/2021/02/1-2.jpg, https://juliette.novaworks.net/wp-content/uploads/2021/02/2.jpg, https://juliette.novaworks.net/wp-content/uploads/2021/02/3-1.jpg",,,,,,,,,15,,Color,"Black, Blue, White, Yellow",1,1,Black,Size,"Large, Medium, Small",1,1,Large,,,
425,simple,,"Embroidered organic cotton t-shirt",1,0,visible,"A simple product is the most common and easily-understandable product type in WooCommerce. A simple product is a unique, stand-alone, physical product that you may have to ship to the customer. To start with, you can create a simple product, assign a price &amp; SKU for the product, and start selling them. eg: Books.\n\nSimple product in WooCommerce is one of the easiest to configure. You can add price, SKU and stock details, and publish a simple product. While creating a new product, you can select ‘Simple product’ from the drop-down.\n\nTo understand the process of setting up a WooCommerce Simple Product in detail, refer to our article <a href=""https://docs.woocommerce.com/document/managing-products/#section-5"" data-wpel-link=""internal"">How to Add a WooCommerce Simple Product</a>.","[elementor-template id=""391""]",,,taxable,,1,,,0,0,,,,,1,,99.99,129.99,Women,"dress, fashion, theme, women, woocommerce",,"https://juliette.novaworks.net/wp-content/uploads/2021/02/10.jpg, https://juliette.novaworks.net/wp-content/uploads/2021/02/10-1.jpg, https://juliette.novaworks.net/wp-content/uploads/2021/02/7-1.jpg, https://juliette.novaworks.net/wp-content/uploads/2021/02/1-2.jpg, https://juliette.novaworks.net/wp-content/uploads/2021/02/2-1.jpg, https://juliette.novaworks.net/wp-content/uploads/2021/02/2.jpg",,,,,,,,,14,,,,,,,,,,,,,,
426,variable,,"Flecked oversize sweatshirt",1,0,visible,"This product type lets you add variations to the same product to create a complex, variable product. Each variation of the product has its own price, SKU, available stock, etc. eg: A shirt or t-shirt with different sizes and different colors.\n\nWhile creating the product, you can select the ‘Variable product’ option from the drop-down. To be able to create different variations, you will have to set up attributes and define values to each of them. You can use different attributes and values to create variations. After that, you can manually create available variations or create all possible variations in one go. You can update individual details for each variation, after all required variations are created.\n\n&nbsp;","[elementor-template id=""391""]",,,taxable,,1,,,0,0,,,,,1,,,,Women,"dress, fashion, theme, women, woocommerce",,"https://juliette.novaworks.net/wp-content/uploads/2021/02/12.jpg, https://juliette.novaworks.net/wp-content/uploads/2021/02/12-2.jpg, https://juliette.novaworks.net/wp-content/uploads/2021/02/9-1.jpg, https://juliette.novaworks.net/wp-content/uploads/2021/02/2-1.jpg, https://juliette.novaworks.net/wp-content/uploads/2021/02/1-2.jpg, https://juliette.novaworks.net/wp-content/uploads/2021/02/2.jpg",,,,,,,,,13,,Color,"Black, Blue, White, Yellow",1,1,Black,Size,"Large, Medium, Small",1,1,Large,,,
440,simple,,"Sweater with ruffle detail",1,0,visible,"A simple product is the most common and easily-understandable product type in WooCommerce. A simple product is a unique, stand-alone, physical product that you may have to ship to the customer. To start with, you can create a simple product, assign a price &amp; SKU for the product, and start selling them. eg: Books.\n\nSimple product in WooCommerce is one of the easiest to configure. You can add price, SKU and stock details, and publish a simple product. While creating a new product, you can select ‘Simple product’ from the drop-down.\n\nTo understand the process of setting up a WooCommerce Simple Product in detail, refer to our article <a href=""https://docs.woocommerce.com/document/managing-products/#section-5"" data-wpel-link=""internal"">How to Add a WooCommerce Simple Product</a>.","[elementor-template id=""391""]",,,taxable,,1,,,0,0,,,,,1,,,59.99,Women,"dress, fashion, theme, women, woocommerce",,"https://juliette.novaworks.net/wp-content/uploads/2021/02/13.jpg, https://juliette.novaworks.net/wp-content/uploads/2021/02/13-1.jpg, https://juliette.novaworks.net/wp-content/uploads/2021/02/10-1.jpg, https://juliette.novaworks.net/wp-content/uploads/2021/02/7-1.jpg, https://juliette.novaworks.net/wp-content/uploads/2021/02/1-2.jpg, https://juliette.novaworks.net/wp-content/uploads/2021/02/2-1.jpg",,,,,,,,,12,,,,,,,,,,,,,,
441,variable,,"Basic sweatshirt",1,0,visible,"This product type lets you add variations to the same product to create a complex, variable product. Each variation of the product has its own price, SKU, available stock, etc. eg: A shirt or t-shirt with different sizes and different colors.\n\nWhile creating the product, you can select the ‘Variable product’ option from the drop-down. To be able to create different variations, you will have to set up attributes and define values to each of them. You can use different attributes and values to create variations. After that, you can manually create available variations or create all possible variations in one go. You can update individual details for each variation, after all required variations are created.\n\n&nbsp;","[elementor-template id=""391""]",,,taxable,,1,,,0,0,,,,,1,,,,Women,"dress, fashion, theme, women, woocommerce",,"https://juliette.novaworks.net/wp-content/uploads/2021/02/14.jpg, https://juliette.novaworks.net/wp-content/uploads/2021/02/14-1.jpg, https://juliette.novaworks.net/wp-content/uploads/2021/02/12-2.jpg, https://juliette.novaworks.net/wp-content/uploads/2021/02/9-1.jpg, https://juliette.novaworks.net/wp-content/uploads/2021/02/2-1.jpg, https://juliette.novaworks.net/wp-content/uploads/2021/02/1-2.jpg",,,,,,,,,11,,Color,"Black, Blue, White, Yellow",1,1,Black,Size,"Large, Medium, Small",1,1,Large,,,
455,simple,,"Zipper cotton sweater",1,0,visible,"A simple product is the most common and easily-understandable product type in WooCommerce. A simple product is a unique, stand-alone, physical product that you may have to ship to the customer. To start with, you can create a simple product, assign a price &amp; SKU for the product, and start selling them. eg: Books.\n\nSimple product in WooCommerce is one of the easiest to configure. You can add price, SKU and stock details, and publish a simple product. While creating a new product, you can select ‘Simple product’ from the drop-down.\n\nTo understand the process of setting up a WooCommerce Simple Product in detail, refer to our article <a href=""https://docs.woocommerce.com/document/managing-products/#section-5"" data-wpel-link=""internal"">How to Add a WooCommerce Simple Product</a>.","[elementor-template id=""391""]",,,taxable,,1,,,0,0,,,,,1,,69.99,99.99,Women,"dress, fashion, theme, women, woocommerce",,"https://juliette.novaworks.net/wp-content/uploads/2021/02/15.jpg, https://juliette.novaworks.net/wp-content/uploads/2021/02/15-1.jpg, https://juliette.novaworks.net/wp-content/uploads/2021/02/13-1.jpg, https://juliette.novaworks.net/wp-content/uploads/2021/02/10-1.jpg, https://juliette.novaworks.net/wp-content/uploads/2021/02/7-1.jpg, https://juliette.novaworks.net/wp-content/uploads/2021/02/1-2.jpg",,,,,,,,,10,,,,,,,,,,,,,,
456,variable,,"Sweater with ruffle detail",1,0,visible,"This product type lets you add variations to the same product to create a complex, variable product. Each variation of the product has its own price, SKU, available stock, etc. eg: A shirt or t-shirt with different sizes and different colors.\n\nWhile creating the product, you can select the ‘Variable product’ option from the drop-down. To be able to create different variations, you will have to set up attributes and define values to each of them. You can use different attributes and values to create variations. After that, you can manually create available variations or create all possible variations in one go. You can update individual details for each variation, after all required variations are created.\n\n&nbsp;","[elementor-template id=""391""]",,,taxable,,1,,,0,0,,,,,1,,,,Women,"dress, fashion, theme, women, woocommerce",,"https://juliette.novaworks.net/wp-content/uploads/2021/02/16.jpg, https://juliette.novaworks.net/wp-content/uploads/2021/02/16-1.jpg, https://juliette.novaworks.net/wp-content/uploads/2021/02/14-1.jpg, https://juliette.novaworks.net/wp-content/uploads/2021/02/12-2.jpg, https://juliette.novaworks.net/wp-content/uploads/2021/02/9-1.jpg, https://juliette.novaworks.net/wp-content/uploads/2021/02/2-1.jpg",,,,,,,,,9,,Color,"Black, Blue, White, Yellow",1,1,Black,Size,"Large, Medium, Small",1,1,Large,,,
469,simple,,"Cotton sweatshirt",1,0,visible,"A simple product is the most common and easily-understandable product type in WooCommerce. A simple product is a unique, stand-alone, physical product that you may have to ship to the customer. To start with, you can create a simple product, assign a price &amp; SKU for the product, and start selling them. eg: Books.\n\nSimple product in WooCommerce is one of the easiest to configure. You can add price, SKU and stock details, and publish a simple product. While creating a new product, you can select ‘Simple product’ from the drop-down.\n\nTo understand the process of setting up a WooCommerce Simple Product in detail, refer to our article <a href=""https://docs.woocommerce.com/document/managing-products/#section-5"" data-wpel-link=""internal"">How to Add a WooCommerce Simple Product</a>.","[elementor-template id=""391""]",,,taxable,,1,,,0,0,,,,,1,,119.99,139.99,Women,"dress, fashion, theme, women, woocommerce",,"https://juliette.novaworks.net/wp-content/uploads/2021/02/17.jpg, https://juliette.novaworks.net/wp-content/uploads/2021/02/17-1.jpg, https://juliette.novaworks.net/wp-content/uploads/2021/02/13-1.jpg, https://juliette.novaworks.net/wp-content/uploads/2021/02/10-1.jpg, https://juliette.novaworks.net/wp-content/uploads/2021/02/7-1.jpg, https://juliette.novaworks.net/wp-content/uploads/2021/02/1-2.jpg",,,,,,,,,8,,,,,,,,,,,,,,
483,variable,,"Embossed design sweatshirt",1,0,visible,"This product type lets you add variations to the same product to create a complex, variable product. Each variation of the product has its own price, SKU, available stock, etc. eg: A shirt or t-shirt with different sizes and different colors.\n\nWhile creating the product, you can select the ‘Variable product’ option from the drop-down. To be able to create different variations, you will have to set up attributes and define values to each of them. You can use different attributes and values to create variations. After that, you can manually create available variations or create all possible variations in one go. You can update individual details for each variation, after all required variations are created.\n\n&nbsp;","[elementor-template id=""391""]",,,taxable,,1,,,0,0,,,,,1,,,,Women,"dress, fashion, theme, women, woocommerce",,"https://juliette.novaworks.net/wp-content/uploads/2021/02/18.jpg, https://juliette.novaworks.net/wp-content/uploads/2021/02/18-1.jpg, https://juliette.novaworks.net/wp-content/uploads/2021/02/16-1.jpg, https://juliette.novaworks.net/wp-content/uploads/2021/02/14-1.jpg, https://juliette.novaworks.net/wp-content/uploads/2021/02/12-2.jpg, https://juliette.novaworks.net/wp-content/uploads/2021/02/9-1.jpg",,,,,,,,,7,,Color,"Black, Blue, White, Yellow",1,1,Black,Size,"Large, Medium, Small",1,1,Large,,,
497,simple,,"Structured suit blazer",1,0,visible,"A simple product is the most common and easily-understandable product type in WooCommerce. A simple product is a unique, stand-alone, physical product that you may have to ship to the customer. To start with, you can create a simple product, assign a price &amp; SKU for the product, and start selling them. eg: Books.\n\nSimple product in WooCommerce is one of the easiest to configure. You can add price, SKU and stock details, and publish a simple product. While creating a new product, you can select ‘Simple product’ from the drop-down.\n\nTo understand the process of setting up a WooCommerce Simple Product in detail, refer to our article <a href=""https://docs.woocommerce.com/document/managing-products/#section-5"" data-wpel-link=""internal"">How to Add a WooCommerce Simple Product</a>.","[elementor-template id=""391""]",,,taxable,,1,,,0,0,,,,,1,,,99.99,Women,"dress, fashion, theme, women, woocommerce",,"https://juliette.novaworks.net/wp-content/uploads/2021/02/19.jpg, https://juliette.novaworks.net/wp-content/uploads/2021/02/19-1.jpg, https://juliette.novaworks.net/wp-content/uploads/2021/02/17-1.jpg, https://juliette.novaworks.net/wp-content/uploads/2021/02/13-1.jpg, https://juliette.novaworks.net/wp-content/uploads/2021/02/10-1.jpg, https://juliette.novaworks.net/wp-content/uploads/2021/02/7-1.jpg",,,,,,,,,6,,,,,,,,,,,,,,
499,variable,,"Double-breasted structured blazer",1,0,visible,"This product type lets you add variations to the same product to create a complex, variable product. Each variation of the product has its own price, SKU, available stock, etc. eg: A shirt or t-shirt with different sizes and different colors.\n\nWhile creating the product, you can select the ‘Variable product’ option from the drop-down. To be able to create different variations, you will have to set up attributes and define values to each of them. You can use different attributes and values to create variations. After that, you can manually create available variations or create all possible variations in one go. You can update individual details for each variation, after all required variations are created.\n\n&nbsp;","[elementor-template id=""391""]",,,taxable,,1,,,0,0,,,,,1,,,,Women,"dress, fashion, theme, women, woocommerce",,"https://juliette.novaworks.net/wp-content/uploads/2021/02/20.jpg, https://juliette.novaworks.net/wp-content/uploads/2021/02/20-1.jpg, https://juliette.novaworks.net/wp-content/uploads/2021/02/18-1.jpg, https://juliette.novaworks.net/wp-content/uploads/2021/02/16-1.jpg, https://juliette.novaworks.net/wp-content/uploads/2021/02/14-1.jpg, https://juliette.novaworks.net/wp-content/uploads/2021/02/12-2.jpg",,,,,,,,,5,,Color,"Black, Blue, White, Yellow",1,1,Black,Size,"Large, Medium, Small",1,1,Large,,,
513,simple,,"Oversized check overshirt",1,0,visible,"A simple product is the most common and easily-understandable product type in WooCommerce. A simple product is a unique, stand-alone, physical product that you may have to ship to the customer. To start with, you can create a simple product, assign a price &amp; SKU for the product, and start selling them. eg: Books.\n\nSimple product in WooCommerce is one of the easiest to configure. You can add price, SKU and stock details, and publish a simple product. While creating a new product, you can select ‘Simple product’ from the drop-down.\n\nTo understand the process of setting up a WooCommerce Simple Product in detail, refer to our article <a href=""https://docs.woocommerce.com/document/managing-products/#section-5"" data-wpel-link=""internal"">How to Add a WooCommerce Simple Product</a>.","[elementor-template id=""391""]",,,taxable,,1,,,0,0,,,,,1,,,119.99,Women,"dress, fashion, theme, women, woocommerce",,"https://juliette.novaworks.net/wp-content/uploads/2021/02/21.jpg, https://juliette.novaworks.net/wp-content/uploads/2021/02/21-1.jpg, https://juliette.novaworks.net/wp-content/uploads/2021/02/17-1.jpg, https://juliette.novaworks.net/wp-content/uploads/2021/02/13-1.jpg, https://juliette.novaworks.net/wp-content/uploads/2021/02/10-1.jpg, https://juliette.novaworks.net/wp-content/uploads/2021/02/7-1.jpg",,,,,,,,,4,,,,,,,,,,,,,,
514,variable,,"Flowy suit blazer",1,0,visible,"This product type lets you add variations to the same product to create a complex, variable product. Each variation of the product has its own price, SKU, available stock, etc. eg: A shirt or t-shirt with different sizes and different colors.\n\nWhile creating the product, you can select the ‘Variable product’ option from the drop-down. To be able to create different variations, you will have to set up attributes and define values to each of them. You can use different attributes and values to create variations. After that, you can manually create available variations or create all possible variations in one go. You can update individual details for each variation, after all required variations are created.\n\n&nbsp;","[elementor-template id=""391""]",,,taxable,,1,,,0,0,,,,,1,,,,Women,"dress, fashion, theme, women, woocommerce",,"https://juliette.novaworks.net/wp-content/uploads/2021/02/22.jpg, https://juliette.novaworks.net/wp-content/uploads/2021/02/22-1.jpg, https://juliette.novaworks.net/wp-content/uploads/2021/02/20-1.jpg, https://juliette.novaworks.net/wp-content/uploads/2021/02/18-1.jpg, https://juliette.novaworks.net/wp-content/uploads/2021/02/16-1.jpg, https://juliette.novaworks.net/wp-content/uploads/2021/02/14-1.jpg",,,,,,,,,3,,Color,"Black, Blue, White, Yellow",1,1,Black,Size,"Large, Medium, Small",1,1,Large,,,
527,simple,,"Double-breasted blazer",1,0,visible,"A simple product is the most common and easily-understandable product type in WooCommerce. A simple product is a unique, stand-alone, physical product that you may have to ship to the customer. To start with, you can create a simple product, assign a price &amp; SKU for the product, and start selling them. eg: Books.\n\nSimple product in WooCommerce is one of the easiest to configure. You can add price, SKU and stock details, and publish a simple product. While creating a new product, you can select ‘Simple product’ from the drop-down.\n\nTo understand the process of setting up a WooCommerce Simple Product in detail, refer to our article <a href=""https://docs.woocommerce.com/document/managing-products/#section-5"" data-wpel-link=""internal"">How to Add a WooCommerce Simple Product</a>.","[elementor-template id=""391""]",,,taxable,,1,,,0,0,,,,,1,,,119.99,Women,"dress, fashion, theme, women, woocommerce",,"https://juliette.novaworks.net/wp-content/uploads/2021/02/23.jpg, https://juliette.novaworks.net/wp-content/uploads/2021/02/23-1.jpg, https://juliette.novaworks.net/wp-content/uploads/2021/02/21-1.jpg, https://juliette.novaworks.net/wp-content/uploads/2021/02/17-1.jpg, https://juliette.novaworks.net/wp-content/uploads/2021/02/13-1.jpg, https://juliette.novaworks.net/wp-content/uploads/2021/02/10-1.jpg",,,,,,,,,2,,,,,,,,,,,,,,
528,variable,,"Faux-leather double-breasted blazer",1,0,visible,"This product type lets you add variations to the same product to create a complex, variable product. Each variation of the product has its own price, SKU, available stock, etc. eg: A shirt or t-shirt with different sizes and different colors.\n\nWhile creating the product, you can select the ‘Variable product’ option from the drop-down. To be able to create different variations, you will have to set up attributes and define values to each of them. You can use different attributes and values to create variations. After that, you can manually create available variations or create all possible variations in one go. You can update individual details for each variation, after all required variations are created.\n\n&nbsp;","[elementor-template id=""391""]",,,taxable,,1,,,0,0,,,,,1,,,,Women,"dress, fashion, theme, women, woocommerce",,"https://juliette.novaworks.net/wp-content/uploads/2021/02/24-1.jpg, https://juliette.novaworks.net/wp-content/uploads/2021/02/24.jpg, https://juliette.novaworks.net/wp-content/uploads/2021/02/22-1.jpg, https://juliette.novaworks.net/wp-content/uploads/2021/02/20-1.jpg, https://juliette.novaworks.net/wp-content/uploads/2021/02/18-1.jpg, https://juliette.novaworks.net/wp-content/uploads/2021/02/16-1.jpg",,,,,,,,,1,,Color,"Black, Blue, White, Yellow",1,1,Black,Size,"Large, Medium, Small",1,1,Large,,,
395,variation,,"Puffed sleeves dress - Black, Large",1,0,visible,,,,,taxable,parent,1,,,0,0,,,,,0,,,99.99,,,,,,,id:394,,,,,,1,,Color,Black,,1,,Size,Large,,1,,,,
396,variation,,"Puffed sleeves dress - Black, Medium",1,0,visible,,,,,taxable,parent,1,,,0,0,,,,,0,,,99.99,,,,,,,id:394,,,,,,2,,Color,Black,,1,,Size,Medium,,1,,,,
397,variation,,"Puffed sleeves dress - Black, Small",1,0,visible,,,,,taxable,parent,1,,,0,0,,,,,0,,,99.99,,,,,,,id:394,,,,,,3,,Color,Black,,1,,Size,Small,,1,,,,
398,variation,,"Puffed sleeves dress - Blue, Large",1,0,visible,,,,,taxable,parent,1,,,0,0,,,,,0,,,99.99,,,,,,,id:394,,,,,,4,,Color,Blue,,1,,Size,Large,,1,,,,
399,variation,,"Puffed sleeves dress - Blue, Medium",1,0,visible,,,,,taxable,parent,1,,,0,0,,,,,0,,,99.99,,,,,,,id:394,,,,,,5,,Color,Blue,,1,,Size,Medium,,1,,,,
400,variation,,"Puffed sleeves dress - Blue, Small",1,0,visible,,,,,taxable,parent,1,,,0,0,,,,,0,,,99.99,,,,,,,id:394,,,,,,6,,Color,Blue,,1,,Size,Small,,1,,,,
401,variation,,"Puffed sleeves dress - White, Large",1,0,visible,,,,,taxable,parent,1,,,0,0,,,,,0,,,99.99,,,,,,,id:394,,,,,,7,,Color,White,,1,,Size,Large,,1,,,,
402,variation,,"Puffed sleeves dress - White, Medium",1,0,visible,,,,,taxable,parent,1,,,0,0,,,,,0,,,99.99,,,,,,,id:394,,,,,,8,,Color,White,,1,,Size,Medium,,1,,,,
403,variation,,"Puffed sleeves dress - White, Small",1,0,visible,,,,,taxable,parent,1,,,0,0,,,,,0,,,99.99,,,,,,,id:394,,,,,,9,,Color,White,,1,,Size,Small,,1,,,,
404,variation,,"Puffed sleeves dress - Yellow, Large",1,0,visible,,,,,taxable,parent,1,,,0,0,,,,,0,,,99.99,,,,,,,id:394,,,,,,10,,Color,Yellow,,1,,Size,Large,,1,,,,
405,variation,,"Puffed sleeves dress - Yellow, Medium",1,0,visible,,,,,taxable,parent,1,,,0,0,,,,,0,,,99.99,,,,,,,id:394,,,,,,11,,Color,Yellow,,1,,Size,Medium,,1,,,,
406,variation,,"Puffed sleeves dress - Yellow, Small",1,0,visible,,,,,taxable,parent,1,,,0,0,,,,,0,,,99.99,,,,,,,id:394,,,,,,12,,Color,Yellow,,1,,Size,Small,,1,,,,
419,variation,,"Long sleeve cotton t-shirt - White, Large",1,0,visible,,,,,taxable,parent,1,,,0,0,,,,,0,,,99.99,,,,,,,id:412,,,,,,7,,Color,White,,1,,Size,Large,,1,,,,
420,variation,,"Long sleeve cotton t-shirt - White, Medium",1,0,visible,,,,,taxable,parent,1,,,0,0,,,,,0,,,99.99,,,,,,,id:412,,,,,,8,,Color,White,,1,,Size,Medium,,1,,,,
421,variation,,"Long sleeve cotton t-shirt - White, Small",1,0,visible,,,,,taxable,parent,1,,,0,0,,,,,0,,,99.99,,,,,,,id:412,,,,,,9,,Color,White,,1,,Size,Small,,1,,,,
422,variation,,"Long sleeve cotton t-shirt - Yellow, Large",1,0,visible,,,,,taxable,parent,1,,,0,0,,,,,0,,,99.99,,,,,,,id:412,,,,,,10,,Color,Yellow,,1,,Size,Large,,1,,,,
423,variation,,"Long sleeve cotton t-shirt - Yellow, Medium",1,0,visible,,,,,taxable,parent,1,,,0,0,,,,,0,,,99.99,,,,,,,id:412,,,,,,11,,Color,Yellow,,1,,Size,Medium,,1,,,,
424,variation,,"Long sleeve cotton t-shirt - Yellow, Small",1,0,visible,,,,,taxable,parent,1,,,0,0,,,,,0,,,99.99,,,,,,,id:412,,,,,,12,,Color,Yellow,,1,,Size,Small,,1,,,,
413,variation,,"Long sleeve cotton t-shirt - Black, Large",1,0,visible,,,,,taxable,parent,1,,,0,0,,,,,0,,,99.99,,,,,,,id:412,,,,,,1,,Color,Black,,1,,Size,Large,,1,,,,
414,variation,,"Long sleeve cotton t-shirt - Black, Medium",1,0,visible,,,,,taxable,parent,1,,,0,0,,,,,0,,,99.99,,,,,,,id:412,,,,,,2,,Color,Black,,1,,Size,Medium,,1,,,,
415,variation,,"Long sleeve cotton t-shirt - Black, Small",1,0,visible,,,,,taxable,parent,1,,,0,0,,,,,0,,,99.99,,,,,,,id:412,,,,,,3,,Color,Black,,1,,Size,Small,,1,,,,
416,variation,,"Long sleeve cotton t-shirt - Blue, Large",1,0,visible,,,,,taxable,parent,1,,,0,0,,,,,0,,,99.99,,,,,,,id:412,,,,,,4,,Color,Blue,,1,,Size,Large,,1,,,,
417,variation,,"Long sleeve cotton t-shirt - Blue, Medium",1,0,visible,,,,,taxable,parent,1,,,0,0,,,,,0,,,99.99,,,,,,,id:412,,,,,,5,,Color,Blue,,1,,Size,Medium,,1,,,,
418,variation,,"Long sleeve cotton t-shirt - Blue, Small",1,0,visible,,,,,taxable,parent,1,,,0,0,,,,,0,,,99.99,,,,,,,id:412,,,,,,6,,Color,Blue,,1,,Size,Small,,1,,,,
429,variation,,"Flecked oversize sweatshirt - Black, Small",1,0,visible,,,,,taxable,parent,1,,,0,0,,,,,0,,,99.99,,,,,,,id:426,,,,,,3,,Color,Black,,1,,Size,Small,,1,,,,
430,variation,,"Flecked oversize sweatshirt - Blue, Large",1,0,visible,,,,,taxable,parent,1,,,0,0,,,,,0,,,99.99,,,,,,,id:426,,,,,,4,,Color,Blue,,1,,Size,Large,,1,,,,
431,variation,,"Flecked oversize sweatshirt - Blue, Medium",1,0,visible,,,,,taxable,parent,1,,,0,0,,,,,0,,,99.99,,,,,,,id:426,,,,,,5,,Color,Blue,,1,,Size,Medium,,1,,,,
432,variation,,"Flecked oversize sweatshirt - Blue, Small",1,0,visible,,,,,taxable,parent,1,,,0,0,,,,,0,,,99.99,,,,,,,id:426,,,,,,6,,Color,Blue,,1,,Size,Small,,1,,,,
433,variation,,"Flecked oversize sweatshirt - White, Large",1,0,visible,,,,,taxable,parent,1,,,0,0,,,,,0,,,99.99,,,,,,,id:426,,,,,,7,,Color,White,,1,,Size,Large,,1,,,,
434,variation,,"Flecked oversize sweatshirt - White, Medium",1,0,visible,,,,,taxable,parent,1,,,0,0,,,,,0,,,99.99,,,,,,,id:426,,,,,,8,,Color,White,,1,,Size,Medium,,1,,,,
435,variation,,"Flecked oversize sweatshirt - White, Small",1,0,visible,,,,,taxable,parent,1,,,0,0,,,,,0,,,99.99,,,,,,,id:426,,,,,,9,,Color,White,,1,,Size,Small,,1,,,,
436,variation,,"Flecked oversize sweatshirt - Yellow, Large",1,0,visible,,,,,taxable,parent,1,,,0,0,,,,,0,,,99.99,,,,,,,id:426,,,,,,10,,Color,Yellow,,1,,Size,Large,,1,,,,
437,variation,,"Flecked oversize sweatshirt - Yellow, Medium",1,0,visible,,,,,taxable,parent,1,,,0,0,,,,,0,,,99.99,,,,,,,id:426,,,,,,11,,Color,Yellow,,1,,Size,Medium,,1,,,,
438,variation,,"Flecked oversize sweatshirt - Yellow, Small",1,0,visible,,,,,taxable,parent,1,,,0,0,,,,,0,,,99.99,,,,,,,id:426,,,,,,12,,Color,Yellow,,1,,Size,Small,,1,,,,
427,variation,,"Flecked oversize sweatshirt - Black, Large",1,0,visible,,,,,taxable,parent,1,,,0,0,,,,,0,,,99.99,,,,,,,id:426,,,,,,1,,Color,Black,,1,,Size,Large,,1,,,,
428,variation,,"Flecked oversize sweatshirt - Black, Medium",1,0,visible,,,,,taxable,parent,1,,,0,0,,,,,0,,,99.99,,,,,,,id:426,,,,,,2,,Color,Black,,1,,Size,Medium,,1,,,,
448,variation,,"Basic sweatshirt - White, Large",1,0,visible,,,,,taxable,parent,1,,,0,0,,,,,0,,,99.99,,,,,,,id:441,,,,,,7,,Color,White,,1,,Size,Large,,1,,,,
449,variation,,"Basic sweatshirt - White, Medium",1,0,visible,,,,,taxable,parent,1,,,0,0,,,,,0,,,99.99,,,,,,,id:441,,,,,,8,,Color,White,,1,,Size,Medium,,1,,,,
450,variation,,"Basic sweatshirt - White, Small",1,0,visible,,,,,taxable,parent,1,,,0,0,,,,,0,,,99.99,,,,,,,id:441,,,,,,9,,Color,White,,1,,Size,Small,,1,,,,
451,variation,,"Basic sweatshirt - Yellow, Large",1,0,visible,,,,,taxable,parent,1,,,0,0,,,,,0,,,99.99,,,,,,,id:441,,,,,,10,,Color,Yellow,,1,,Size,Large,,1,,,,
452,variation,,"Basic sweatshirt - Yellow, Medium",1,0,visible,,,,,taxable,parent,1,,,0,0,,,,,0,,,99.99,,,,,,,id:441,,,,,,11,,Color,Yellow,,1,,Size,Medium,,1,,,,
453,variation,,"Basic sweatshirt - Yellow, Small",1,0,visible,,,,,taxable,parent,1,,,0,0,,,,,0,,,99.99,,,,,,,id:441,,,,,,12,,Color,Yellow,,1,,Size,Small,,1,,,,
442,variation,,"Basic sweatshirt - Black, Large",1,0,visible,,,,,taxable,parent,1,,,0,0,,,,,0,,,99.99,,,,,,,id:441,,,,,,1,,Color,Black,,1,,Size,Large,,1,,,,
443,variation,,"Basic sweatshirt - Black, Medium",1,0,visible,,,,,taxable,parent,1,,,0,0,,,,,0,,,99.99,,,,,,,id:441,,,,,,2,,Color,Black,,1,,Size,Medium,,1,,,,
444,variation,,"Basic sweatshirt - Black, Small",1,0,visible,,,,,taxable,parent,1,,,0,0,,,,,0,,,99.99,,,,,,,id:441,,,,,,3,,Color,Black,,1,,Size,Small,,1,,,,
445,variation,,"Basic sweatshirt - Blue, Large",1,0,visible,,,,,taxable,parent,1,,,0,0,,,,,0,,,99.99,,,,,,,id:441,,,,,,4,,Color,Blue,,1,,Size,Large,,1,,,,
446,variation,,"Basic sweatshirt - Blue, Medium",1,0,visible,,,,,taxable,parent,1,,,0,0,,,,,0,,,99.99,,,,,,,id:441,,,,,,5,,Color,Blue,,1,,Size,Medium,,1,,,,
447,variation,,"Basic sweatshirt - Blue, Small",1,0,visible,,,,,taxable,parent,1,,,0,0,,,,,0,,,99.99,,,,,,,id:441,,,,,,6,,Color,Blue,,1,,Size,Small,,1,,,,
463,variation,,"Sweater with ruffle detail - White, Large",1,0,visible,,,,,taxable,parent,1,,,0,0,,,,,0,,,99.99,,,,,,,id:456,,,,,,7,,Color,White,,1,,Size,Large,,1,,,,
464,variation,,"Sweater with ruffle detail - White, Medium",1,0,visible,,,,,taxable,parent,1,,,0,0,,,,,0,,,99.99,,,,,,,id:456,,,,,,8,,Color,White,,1,,Size,Medium,,1,,,,
465,variation,,"Sweater with ruffle detail - White, Small",1,0,visible,,,,,taxable,parent,1,,,0,0,,,,,0,,,99.99,,,,,,,id:456,,,,,,9,,Color,White,,1,,Size,Small,,1,,,,
466,variation,,"Sweater with ruffle detail - Yellow, Large",1,0,visible,,,,,taxable,parent,1,,,0,0,,,,,0,,,99.99,,,,,,,id:456,,,,,,10,,Color,Yellow,,1,,Size,Large,,1,,,,
467,variation,,"Sweater with ruffle detail - Yellow, Medium",1,0,visible,,,,,taxable,parent,1,,,0,0,,,,,0,,,99.99,,,,,,,id:456,,,,,,11,,Color,Yellow,,1,,Size,Medium,,1,,,,
468,variation,,"Sweater with ruffle detail - Yellow, Small",1,0,visible,,,,,taxable,parent,1,,,0,0,,,,,0,,,99.99,,,,,,,id:456,,,,,,12,,Color,Yellow,,1,,Size,Small,,1,,,,
457,variation,,"Sweater with ruffle detail - Black, Large",1,0,visible,,,,,taxable,parent,1,,,0,0,,,,,0,,,99.99,,,,,,,id:456,,,,,,1,,Color,Black,,1,,Size,Large,,1,,,,
458,variation,,"Sweater with ruffle detail - Black, Medium",1,0,visible,,,,,taxable,parent,1,,,0,0,,,,,0,,,99.99,,,,,,,id:456,,,,,,2,,Color,Black,,1,,Size,Medium,,1,,,,
459,variation,,"Sweater with ruffle detail - Black, Small",1,0,visible,,,,,taxable,parent,1,,,0,0,,,,,0,,,99.99,,,,,,,id:456,,,,,,3,,Color,Black,,1,,Size,Small,,1,,,,
460,variation,,"Sweater with ruffle detail - Blue, Large",1,0,visible,,,,,taxable,parent,1,,,0,0,,,,,0,,,99.99,,,,,,,id:456,,,,,,4,,Color,Blue,,1,,Size,Large,,1,,,,
461,variation,,"Sweater with ruffle detail - Blue, Medium",1,0,visible,,,,,taxable,parent,1,,,0,0,,,,,0,,,99.99,,,,,,,id:456,,,,,,5,,Color,Blue,,1,,Size,Medium,,1,,,,
462,variation,,"Sweater with ruffle detail - Blue, Small",1,0,visible,,,,,taxable,parent,1,,,0,0,,,,,0,,,99.99,,,,,,,id:456,,,,,,6,,Color,Blue,,1,,Size,Small,,1,,,,
495,variation,,"Embossed design sweatshirt - Yellow, Small",1,0,visible,,,,,taxable,parent,1,,,0,0,,,,,0,,,99.99,,,,,,,id:483,,,,,,12,,Color,Yellow,,1,,Size,Small,,1,,,,
484,variation,,"Embossed design sweatshirt - Black, Large",1,0,visible,,,,,taxable,parent,1,,,0,0,,,,,0,,,99.99,,,,,,,id:483,,,,,,1,,Color,Black,,1,,Size,Large,,1,,,,
485,variation,,"Embossed design sweatshirt - Black, Medium",1,0,visible,,,,,taxable,parent,1,,,0,0,,,,,0,,,99.99,,,,,,,id:483,,,,,,2,,Color,Black,,1,,Size,Medium,,1,,,,
486,variation,,"Embossed design sweatshirt - Black, Small",1,0,visible,,,,,taxable,parent,1,,,0,0,,,,,0,,,99.99,,,,,,,id:483,,,,,,3,,Color,Black,,1,,Size,Small,,1,,,,
487,variation,,"Embossed design sweatshirt - Blue, Large",1,0,visible,,,,,taxable,parent,1,,,0,0,,,,,0,,,99.99,,,,,,,id:483,,,,,,4,,Color,Blue,,1,,Size,Large,,1,,,,
488,variation,,"Embossed design sweatshirt - Blue, Medium",1,0,visible,,,,,taxable,parent,1,,,0,0,,,,,0,,,99.99,,,,,,,id:483,,,,,,5,,Color,Blue,,1,,Size,Medium,,1,,,,
489,variation,,"Embossed design sweatshirt - Blue, Small",1,0,visible,,,,,taxable,parent,1,,,0,0,,,,,0,,,99.99,,,,,,,id:483,,,,,,6,,Color,Blue,,1,,Size,Small,,1,,,,
490,variation,,"Embossed design sweatshirt - White, Large",1,0,visible,,,,,taxable,parent,1,,,0,0,,,,,0,,,99.99,,,,,,,id:483,,,,,,7,,Color,White,,1,,Size,Large,,1,,,,
491,variation,,"Embossed design sweatshirt - White, Medium",1,0,visible,,,,,taxable,parent,1,,,0,0,,,,,0,,,99.99,,,,,,,id:483,,,,,,8,,Color,White,,1,,Size,Medium,,1,,,,
492,variation,,"Embossed design sweatshirt - White, Small",1,0,visible,,,,,taxable,parent,1,,,0,0,,,,,0,,,99.99,,,,,,,id:483,,,,,,9,,Color,White,,1,,Size,Small,,1,,,,
493,variation,,"Embossed design sweatshirt - Yellow, Large",1,0,visible,,,,,taxable,parent,1,,,0,0,,,,,0,,,99.99,,,,,,,id:483,,,,,,10,,Color,Yellow,,1,,Size,Large,,1,,,,
494,variation,,"Embossed design sweatshirt - Yellow, Medium",1,0,visible,,,,,taxable,parent,1,,,0,0,,,,,0,,,99.99,,,,,,,id:483,,,,,,11,,Color,Yellow,,1,,Size,Medium,,1,,,,
510,variation,,"Double-breasted structured blazer - Yellow, Medium",1,0,visible,,,,,taxable,parent,1,,,0,0,,,,,0,,,99.99,,,,,,,id:499,,,,,,11,,Color,Yellow,,1,,Size,Medium,,1,,,,
511,variation,,"Double-breasted structured blazer - Yellow, Small",1,0,visible,,,,,taxable,parent,1,,,0,0,,,,,0,,,99.99,,,,,,,id:499,,,,,,12,,Color,Yellow,,1,,Size,Small,,1,,,,
500,variation,,"Double-breasted structured blazer - Black, Large",1,0,visible,,,,,taxable,parent,1,,,0,0,,,,,0,,,99.99,,,,,,,id:499,,,,,,1,,Color,Black,,1,,Size,Large,,1,,,,
501,variation,,"Double-breasted structured blazer - Black, Medium",1,0,visible,,,,,taxable,parent,1,,,0,0,,,,,0,,,99.99,,,,,,,id:499,,,,,,2,,Color,Black,,1,,Size,Medium,,1,,,,
502,variation,,"Double-breasted structured blazer - Black, Small",1,0,visible,,,,,taxable,parent,1,,,0,0,,,,,0,,,99.99,,,,,,,id:499,,,,,,3,,Color,Black,,1,,Size,Small,,1,,,,
503,variation,,"Double-breasted structured blazer - Blue, Large",1,0,visible,,,,,taxable,parent,1,,,0,0,,,,,0,,,99.99,,,,,,,id:499,,,,,,4,,Color,Blue,,1,,Size,Large,,1,,,,
504,variation,,"Double-breasted structured blazer - Blue, Medium",1,0,visible,,,,,taxable,parent,1,,,0,0,,,,,0,,,99.99,,,,,,,id:499,,,,,,5,,Color,Blue,,1,,Size,Medium,,1,,,,
505,variation,,"Double-breasted structured blazer - Blue, Small",1,0,visible,,,,,taxable,parent,1,,,0,0,,,,,0,,,99.99,,,,,,,id:499,,,,,,6,,Color,Blue,,1,,Size,Small,,1,,,,
506,variation,,"Double-breasted structured blazer - White, Large",1,0,visible,,,,,taxable,parent,1,,,0,0,,,,,0,,,99.99,,,,,,,id:499,,,,,,7,,Color,White,,1,,Size,Large,,1,,,,
507,variation,,"Double-breasted structured blazer - White, Medium",1,0,visible,,,,,taxable,parent,1,,,0,0,,,,,0,,,99.99,,,,,,,id:499,,,,,,8,,Color,White,,1,,Size,Medium,,1,,,,
508,variation,,"Double-breasted structured blazer - White, Small",1,0,visible,,,,,taxable,parent,1,,,0,0,,,,,0,,,99.99,,,,,,,id:499,,,,,,9,,Color,White,,1,,Size,Small,,1,,,,
509,variation,,"Double-breasted structured blazer - Yellow, Large",1,0,visible,,,,,taxable,parent,1,,,0,0,,,,,0,,,99.99,,,,,,,id:499,,,,,,10,,Color,Yellow,,1,,Size,Large,,1,,,,
517,variation,,"Flowy suit blazer - Black, Small",1,0,visible,,,,,taxable,parent,1,,,0,0,,,,,0,,,99.99,,,,,,,id:514,,,,,,3,,Color,Black,,1,,Size,Small,,1,,,,
518,variation,,"Flowy suit blazer - Blue, Large",1,0,visible,,,,,taxable,parent,1,,,0,0,,,,,0,,,99.99,,,,,,,id:514,,,,,,4,,Color,Blue,,1,,Size,Large,,1,,,,
519,variation,,"Flowy suit blazer - Blue, Medium",1,0,visible,,,,,taxable,parent,1,,,0,0,,,,,0,,,99.99,,,,,,,id:514,,,,,,5,,Color,Blue,,1,,Size,Medium,,1,,,,
520,variation,,"Flowy suit blazer - Blue, Small",1,0,visible,,,,,taxable,parent,1,,,0,0,,,,,0,,,99.99,,,,,,,id:514,,,,,,6,,Color,Blue,,1,,Size,Small,,1,,,,
521,variation,,"Flowy suit blazer - White, Large",1,0,visible,,,,,taxable,parent,1,,,0,0,,,,,0,,,99.99,,,,,,,id:514,,,,,,7,,Color,White,,1,,Size,Large,,1,,,,
522,variation,,"Flowy suit blazer - White, Medium",1,0,visible,,,,,taxable,parent,1,,,0,0,,,,,0,,,99.99,,,,,,,id:514,,,,,,8,,Color,White,,1,,Size,Medium,,1,,,,
523,variation,,"Flowy suit blazer - White, Small",1,0,visible,,,,,taxable,parent,1,,,0,0,,,,,0,,,99.99,,,,,,,id:514,,,,,,9,,Color,White,,1,,Size,Small,,1,,,,
524,variation,,"Flowy suit blazer - Yellow, Large",1,0,visible,,,,,taxable,parent,1,,,0,0,,,,,0,,,99.99,,,,,,,id:514,,,,,,10,,Color,Yellow,,1,,Size,Large,,1,,,,
525,variation,,"Flowy suit blazer - Yellow, Medium",1,0,visible,,,,,taxable,parent,1,,,0,0,,,,,0,,,99.99,,,,,,,id:514,,,,,,11,,Color,Yellow,,1,,Size,Medium,,1,,,,
526,variation,,"Flowy suit blazer - Yellow, Small",1,0,visible,,,,,taxable,parent,1,,,0,0,,,,,0,,,99.99,,,,,,,id:514,,,,,,12,,Color,Yellow,,1,,Size,Small,,1,,,,
515,variation,,"Flowy suit blazer - Black, Large",1,0,visible,,,,,taxable,parent,1,,,0,0,,,,,0,,,99.99,,,,,,,id:514,,,,,,1,,Color,Black,,1,,Size,Large,,1,,,,
516,variation,,"Flowy suit blazer - Black, Medium",1,0,visible,,,,,taxable,parent,1,,,0,0,,,,,0,,,99.99,,,,,,,id:514,,,,,,2,,Color,Black,,1,,Size,Medium,,1,,,,
531,variation,,"Faux-leather double-breasted blazer - Black, Small",1,0,visible,,,,,taxable,parent,1,,,0,0,,,,,0,,,99.99,,,,,,,id:528,,,,,,3,,Color,Black,,1,,Size,Small,,1,,,,
532,variation,,"Faux-leather double-breasted blazer - Blue, Large",1,0,visible,,,,,taxable,parent,1,,,0,0,,,,,0,,,99.99,,,,,,,id:528,,,,,,4,,Color,Blue,,1,,Size,Large,,1,,,,
533,variation,,"Faux-leather double-breasted blazer - Blue, Medium",1,0,visible,,,,,taxable,parent,1,,,0,0,,,,,0,,,99.99,,,,,,,id:528,,,,,,5,,Color,Blue,,1,,Size,Medium,,1,,,,
534,variation,,"Faux-leather double-breasted blazer - Blue, Small",1,0,visible,,,,,taxable,parent,1,,,0,0,,,,,0,,,99.99,,,,,,,id:528,,,,,,6,,Color,Blue,,1,,Size,Small,,1,,,,
535,variation,,"Faux-leather double-breasted blazer - White, Large",1,0,visible,,,,,taxable,parent,1,,,0,0,,,,,0,,,99.99,,,,,,,id:528,,,,,,7,,Color,White,,1,,Size,Large,,1,,,,
536,variation,,"Faux-leather double-breasted blazer - White, Medium",1,0,visible,,,,,taxable,parent,1,,,0,0,,,,,0,,,99.99,,,,,,,id:528,,,,,,8,,Color,White,,1,,Size,Medium,,1,,,,
537,variation,,"Faux-leather double-breasted blazer - White, Small",1,0,visible,,,,,taxable,parent,1,,,0,0,,,,,0,,,99.99,,,,,,,id:528,,,,,,9,,Color,White,,1,,Size,Small,,1,,,,
538,variation,,"Faux-leather double-breasted blazer - Yellow, Large",1,0,visible,,,,,taxable,parent,1,,,0,0,,,,,0,,,99.99,,,,,,,id:528,,,,,,10,,Color,Yellow,,1,,Size,Large,,1,,,,
539,variation,,"Faux-leather double-breasted blazer - Yellow, Medium",1,0,visible,,,,,taxable,parent,1,,,0,0,,,,,0,,,99.99,,,,,,,id:528,,,,,,11,,Color,Yellow,,1,,Size,Medium,,1,,,,
540,variation,,"Faux-leather double-breasted blazer - Yellow, Small",1,0,visible,,,,,taxable,parent,1,,,0,0,,,,,0,,,99.99,,,,,,,id:528,,,,,,12,,Color,Yellow,,1,,Size,Small,,1,,,,
529,variation,,"Faux-leather double-breasted blazer - Black, Large",1,0,visible,,,,,taxable,parent,1,,,0,0,,,,,0,,,99.99,,,,,,,id:528,,,,,,1,,Color,Black,,1,,Size,Large,,1,,,,
530,variation,,"Faux-leather double-breasted blazer - Black, Medium",1,0,visible,,,,,taxable,parent,1,,,0,0,,,,,0,,,99.99,,,,,,,id:528,,,,,,2,,Color,Black,,1,,Size,Medium,,1,,,,
